"city","check","actual","expected","status","severity"
"all","Original 2020 matrix is present and has unique perspective/OD rows","0","0","pass","high"
"zurich","Unique corridor keys","0","0","pass","high"
"zurich","Valid corridor values","0","0","pass","high"
"zurich","Corridor count agrees with summary","2921","2921","pass","high"
"zurich","car cache references current corridors","0","0","pass","medium"
"zurich","rail cache references current corridors","0","0","pass","medium"
"zurich","active cache references current corridors","0","0","pass","medium"
"zurich","Route geometry and travel times","0","0","pass","high"
"zurich","Route endpoint snap within review threshold","0","0","pass","medium"
"zurich","Rail edge and station integrity","0","0","pass","high"
"zurich","Car coverage inbound at least 95% of mapped estimates","95.69858665708468","95","pass","high"
"zurich","Car coverage outbound at least 95% of mapped estimates","95.23046713517982","95","pass","high"
"zurich","Mode filters add to all-mode population within rounding","1","2","pass","high"
"zurich","No modes gives zero population change","0","0","pass","high"
"zurich","foreignInbound rows conserve mapped summary","4278","4278","pass","high"
"zurich","foreignInbound population scope matches summary","4278","4278","pass","high"
"zurich","swissInbound rows conserve mapped summary","233667","233667","pass","high"
"zurich","swissInbound population scope matches summary","244783","244783","pass","high"
"zurich","swissOutbound rows conserve mapped summary","59883","59883","pass","high"
"zurich","swissOutbound population scope matches summary","65738","65738","pass","high"
"zurich","Original resident mode counts are available","true","true","pass","high"
"zurich","FSO 2023 car share copied accurately","0.16403987917299234","0.16403987917299234","pass","high"
"zurich","FSO 2023 transit share copied accurately","0.6186958404415716","0.6186958404415716","pass","high"
"zurich","FSO 2023 soft share copied accurately","0.21726428038543608","0.21726428038543608","pass","high"
"zurich","Original border-worker total is available","true","true","pass","high"
"zurich","FSO Q4 2025 border-worker total rounded correctly","4278","4278","pass","high"
"zurich","car inbound uses domestic-worker benchmark within per-pair rounding","66091","66087.63636363637","pass","high"
"zurich","transit inbound uses domestic-worker benchmark within per-pair rounding","162883","162858.81818181818","pass","high"
"zurich","soft inbound uses domestic-worker benchmark within per-pair rounding","4693","4720.545454545455","pass","high"
"zurich","Original FSO 2020 inbound total","244783","244783","pass","high"
"zurich","Every mapped FSO inbound pair matches original","0","0","pass","high"
"zurich","Original FSO 2020 outbound total","65738","65738","pass","high"
"zurich","Every mapped FSO outbound pair matches original","0","0","pass","high"
"zurich","Population follows the routed departure and arrival model","0","0","pass","high"
"zurich","No nonlocal active journeys affect the chart","0","0","pass","high"
"geneva","Unique corridor keys","0","0","pass","high"
"geneva","Valid corridor values","0","0","pass","high"
"geneva","Corridor count agrees with summary","5886","5886","pass","high"
"geneva","car cache references current corridors","0","0","pass","medium"
"geneva","rail cache references current corridors","0","0","pass","medium"
"geneva","active cache references current corridors","0","0","pass","medium"
"geneva","Route geometry and travel times","0","0","pass","high"
"geneva","Route endpoint snap within review threshold","0","0","pass","medium"
"geneva","Rail edge and station integrity","0","0","pass","high"
"geneva","Car coverage inbound at least 95% of mapped estimates","95.00097276264592","95","pass","high"
"geneva","Car coverage outbound at least 95% of mapped estimates","95.04666188083273","95","pass","high"
"geneva","Mode filters add to all-mode population within rounding","1","2","pass","high"
"geneva","No modes gives zero population change","0","0","pass","high"
"geneva","foreignInbound rows conserve mapped summary","118892","118892","pass","high"
"geneva","foreignInbound population scope matches summary","118892","118892","pass","high"
"geneva","swissInbound rows conserve mapped summary","21301","21301","pass","high"
"geneva","swissInbound population scope matches summary","23398","23398","pass","high"
"geneva","swissOutbound rows conserve mapped summary","5522","5522","pass","high"
"geneva","swissOutbound population scope matches summary","6881","6881","pass","high"
"geneva","Population follows the routed departure and arrival model","0","0","pass","high"
"geneva","No nonlocal active journeys affect the chart","0","0","pass","high"
"basel","Unique corridor keys","0","0","pass","high"
"basel","Valid corridor values","0","0","pass","high"
"basel","Corridor count agrees with summary","1269","1269","pass","high"
"basel","car cache references current corridors","0","0","pass","medium"
"basel","rail cache references current corridors","0","0","pass","medium"
"basel","active cache references current corridors","0","0","pass","medium"
"basel","Route geometry and travel times","0","0","pass","high"
"basel","Route endpoint snap within review threshold","0","0","pass","medium"
"basel","Rail edge and station integrity","0","0","pass","high"
"basel","Car coverage inbound at least 95% of mapped estimates","96.34406010204492","95","pass","high"
"basel","Car coverage outbound at least 95% of mapped estimates","95.05113823820521","95","pass","high"
"basel","Mode filters add to all-mode population within rounding","1","2","pass","high"
"basel","No modes gives zero population change","0","0","pass","high"
"basel","foreignInbound rows conserve mapped summary","35367","35367","pass","high"
"basel","foreignInbound population scope matches summary","35367","35367","pass","high"
"basel","swissInbound rows conserve mapped summary","63516","63516","pass","high"
"basel","swissInbound population scope matches summary","69635","69635","pass","high"
"basel","swissOutbound rows conserve mapped summary","19562","19562","pass","high"
"basel","swissOutbound population scope matches summary","24985","24985","pass","high"
"basel","Original resident mode counts are available","true","true","pass","high"
"basel","FSO 2023 car share copied accurately","0.14754426042261565","0.14754426042261565","pass","high"
"basel","FSO 2023 transit share copied accurately","0.466747572815534","0.466747572815534","pass","high"
"basel","FSO 2023 soft share copied accurately","0.3857081667618504","0.3857081667618504","pass","high"
"basel","Original border-worker total is available","true","true","pass","high"
"basel","FSO Q4 2025 border-worker total rounded correctly","35367","35367","pass","high"
"basel","car inbound uses domestic-worker benchmark within per-pair rounding","19674","19689.96","pass","high"
"basel","transit inbound uses domestic-worker benchmark within per-pair rounding","35592","35568.96","pass","high"
"basel","soft inbound uses domestic-worker benchmark within per-pair rounding","8250","8257.08","pass","high"
"basel","Original FSO 2020 inbound total","69635","69635","pass","high"
"basel","Every mapped FSO inbound pair matches original","0","0","pass","high"
"basel","Original FSO 2020 outbound total","24985","24985","pass","high"
"basel","Every mapped FSO outbound pair matches original","0","0","pass","high"
"basel","Population follows the routed departure and arrival model","0","0","pass","high"
"basel","No nonlocal active journeys affect the chart","0","0","pass","high"
"lausanne","Unique corridor keys","0","0","pass","high"
"lausanne","Valid corridor values","0","0","pass","high"
"lausanne","Corridor count agrees with summary","1968","1968","pass","high"
"lausanne","car cache references current corridors","0","0","pass","medium"
"lausanne","rail cache references current corridors","0","0","pass","medium"
"lausanne","active cache references current corridors","0","0","pass","medium"
"lausanne","Route geometry and travel times","0","0","pass","high"
"lausanne","Route endpoint snap within review threshold","0","0","pass","medium"
"lausanne","Rail edge and station integrity","0","0","pass","high"
"lausanne","Car coverage inbound at least 95% of mapped estimates","95.0593403711232","95","pass","high"
"lausanne","Car coverage outbound at least 95% of mapped estimates","95.03511350645108","95","pass","high"
"lausanne","Mode filters add to all-mode population within rounding","1","2","pass","high"
"lausanne","No modes gives zero population change","0","0","pass","high"
"lausanne","foreignInbound rows conserve mapped summary","8782","8782","pass","high"
"lausanne","foreignInbound population scope matches summary","8782","8782","pass","high"
"lausanne","swissInbound rows conserve mapped summary","59396","59396","pass","high"
"lausanne","swissInbound population scope matches summary","61593","61593","pass","high"
"lausanne","swissOutbound rows conserve mapped summary","25567","25567","pass","high"
"lausanne","swissOutbound population scope matches summary","26589","26589","pass","high"
"lausanne","Original resident mode counts are available","true","true","pass","high"
"lausanne","FSO 2023 car share copied accurately","0.2388556566970091","0.2388556566970091","pass","high"
"lausanne","FSO 2023 transit share copied accurately","0.537997399219766","0.537997399219766","pass","high"
"lausanne","FSO 2023 soft share copied accurately","0.22314694408322497","0.22314694408322497","pass","high"
"lausanne","Original border-worker total is available","true","true","pass","high"
"lausanne","FSO Q4 2025 border-worker total rounded correctly","8782","8782","pass","high"
"lausanne","Original FSO 2020 inbound total","61593","61593","pass","high"
"lausanne","Every mapped FSO inbound pair matches original","0","0","pass","high"
"lausanne","Original FSO 2020 outbound total","26589","26589","pass","high"
"lausanne","Every mapped FSO outbound pair matches original","0","0","pass","high"
"lausanne","Population follows the routed departure and arrival model","0","0","pass","high"
"lausanne","No nonlocal active journeys affect the chart","0","0","pass","high"
"bern","Unique corridor keys","0","0","pass","high"
"bern","Valid corridor values","0","0","pass","high"
"bern","Corridor count agrees with summary","2665","2665","pass","high"
"bern","car cache references current corridors","0","0","pass","medium"
"bern","rail cache references current corridors","0","0","pass","medium"
"bern","active cache references current corridors","0","0","pass","medium"
"bern","Route geometry and travel times","0","0","pass","high"
"bern","Route endpoint snap within review threshold","0","0","pass","medium"
"bern","Rail edge and station integrity","0","0","pass","high"
"bern","Car coverage inbound at least 95% of mapped estimates","95.62016825829923","95","pass","high"
"bern","Car coverage outbound at least 95% of mapped estimates","95.3458186538105","95","pass","high"
"bern","Mode filters add to all-mode population within rounding","1","2","pass","high"
"bern","No modes gives zero population change","0","0","pass","high"
"bern","foreignInbound rows conserve mapped summary","593","593","pass","high"
"bern","foreignInbound population scope matches summary","593","593","pass","high"
"bern","swissInbound rows conserve mapped summary","99175","99175","pass","high"
"bern","swissInbound population scope matches summary","106124","106124","pass","high"
"bern","swissOutbound rows conserve mapped summary","17906","17906","pass","high"
"bern","swissOutbound population scope matches summary","21725","21725","pass","high"
"bern","Original resident mode counts are available","true","true","pass","high"
"bern","FSO 2023 car share copied accurately","0.1605560922890501","0.1605560922890501","pass","high"
"bern","FSO 2023 transit share copied accurately","0.5330527763677152","0.5330527763677152","pass","high"
"bern","FSO 2023 soft share copied accurately","0.3063911313432347","0.3063911313432347","pass","high"
"bern","Original border-worker total is available","true","true","pass","high"
"bern","FSO Q4 2025 border-worker total rounded correctly","593","593","pass","high"
"bern","car inbound uses domestic-worker benchmark within per-pair rounding","35089","35061.868686868685","pass","high"
"bern","transit inbound uses domestic-worker benchmark within per-pair rounding","58107","58102.52525252525","pass","high"
"bern","soft inbound uses domestic-worker benchmark within per-pair rounding","5979","6010.606060606061","pass","high"
"bern","Original FSO 2020 inbound total","106124","106124","pass","high"
"bern","Every mapped FSO inbound pair matches original","0","0","pass","high"
"bern","Original FSO 2020 outbound total","21725","21725","pass","high"
"bern","Every mapped FSO outbound pair matches original","0","0","pass","high"
"bern","Population follows the routed departure and arrival model","0","0","pass","high"
"bern","No nonlocal active journeys affect the chart","0","0","pass","high"
"winterthur","Unique corridor keys","0","0","pass","high"
"winterthur","Valid corridor values","0","0","pass","high"
"winterthur","Corridor count agrees with summary","1594","1594","pass","high"
"winterthur","car cache references current corridors","0","0","pass","medium"
"winterthur","rail cache references current corridors","0","0","pass","medium"
"winterthur","active cache references current corridors","0","0","pass","medium"
"winterthur","Route geometry and travel times","0","0","pass","high"
"winterthur","Route endpoint snap within review threshold","0","0","pass","medium"
"winterthur","Rail edge and station integrity","0","0","pass","high"
"winterthur","Car coverage inbound at least 95% of mapped estimates","95.51018105928141","95","pass","high"
"winterthur","Car coverage outbound at least 95% of mapped estimates","95.03440023930601","95","pass","high"
"winterthur","Mode filters add to all-mode population within rounding","1","2","pass","high"
"winterthur","No modes gives zero population change","0","0","pass","high"
"winterthur","foreignInbound rows conserve mapped summary","1148","1148","pass","high"
"winterthur","foreignInbound population scope matches summary","1148","1148","pass","high"
"winterthur","swissInbound rows conserve mapped summary","35414","35414","pass","high"
"winterthur","swissInbound population scope matches summary","36580","36580","pass","high"
"winterthur","swissOutbound rows conserve mapped summary","29655","29655","pass","high"
"winterthur","swissOutbound population scope matches summary","30590","30590","pass","high"
"winterthur","Original resident mode counts are available","true","true","pass","high"
"winterthur","FSO 2023 car share copied accurately","0.308175333780406","0.308175333780406","pass","high"
"winterthur","FSO 2023 transit share copied accurately","0.4697514682273568","0.4697514682273568","pass","high"
"winterthur","FSO 2023 soft share copied accurately","0.22207319799223718","0.22207319799223718","pass","high"
"winterthur","Original border-worker total is available","true","true","pass","high"
"winterthur","FSO Q4 2025 border-worker total rounded correctly","1148","1148","pass","high"
"winterthur","car inbound uses domestic-worker benchmark within per-pair rounding","17377","17352.86","pass","high"
"winterthur","transit inbound uses domestic-worker benchmark within per-pair rounding","16280","16290.44","pass","high"
"winterthur","soft inbound uses domestic-worker benchmark within per-pair rounding","1757","1770.7","pass","high"
"winterthur","Original FSO 2020 inbound total","36580","36580","pass","high"
"winterthur","Every mapped FSO inbound pair matches original","0","0","pass","high"
"winterthur","Original FSO 2020 outbound total","30590","30590","pass","high"
"winterthur","Every mapped FSO outbound pair matches original","0","0","pass","high"
"winterthur","Population follows the routed departure and arrival model","0","0","pass","high"
"winterthur","No nonlocal active journeys affect the chart","0","0","pass","high"
"lucerne","Unique corridor keys","0","0","pass","high"
"lucerne","Valid corridor values","0","0","pass","high"
"lucerne","Corridor count agrees with summary","1697","1697","pass","high"
"lucerne","car cache references current corridors","0","0","pass","medium"
"lucerne","rail cache references current corridors","0","0","pass","medium"
"lucerne","active cache references current corridors","0","0","pass","medium"
"lucerne","Route geometry and travel times","0","0","pass","high"
"lucerne","Route endpoint snap within review threshold","0","0","pass","medium"
"lucerne","Rail edge and station integrity","0","0","pass","high"
"lucerne","Car coverage inbound at least 95% of mapped estimates","95.75118966689327","95","pass","high"
"lucerne","Car coverage outbound at least 95% of mapped estimates","95.2994692949204","95","pass","high"
"lucerne","Mode filters add to all-mode population within rounding","1","2","pass","high"
"lucerne","No modes gives zero population change","0","0","pass","high"
"lucerne","foreignInbound rows conserve mapped summary","235","235","pass","high"
"lucerne","foreignInbound population scope matches summary","235","235","pass","high"
"lucerne","swissInbound rows conserve mapped summary","39617","39617","pass","high"
"lucerne","swissInbound population scope matches summary","40921","40921","pass","high"
"lucerne","swissOutbound rows conserve mapped summary","18289","18289","pass","high"
"lucerne","swissOutbound population scope matches summary","19182","19182","pass","high"
"lucerne","Original resident mode counts are available","true","true","pass","high"
"lucerne","FSO 2023 car share copied accurately","0.2848201574126306","0.2848201574126306","pass","high"
"lucerne","FSO 2023 transit share copied accurately","0.4340666720391114","0.4340666720391114","pass","high"
"lucerne","FSO 2023 soft share copied accurately","0.28111317054825796","0.28111317054825796","pass","high"
"lucerne","Original border-worker total is available","true","true","pass","high"
"lucerne","FSO Q4 2025 border-worker total rounded correctly","235","235","pass","high"
"lucerne","car inbound uses domestic-worker benchmark within per-pair rounding","17585","17607.555555555555","pass","high"
"lucerne","transit inbound uses domestic-worker benchmark within per-pair rounding","18400","18407.89898989899","pass","high"
"lucerne","soft inbound uses domestic-worker benchmark within per-pair rounding","3632","3601.5454545454545","pass","high"
"lucerne","Original FSO 2020 inbound total","40921","40921","pass","high"
"lucerne","Every mapped FSO inbound pair matches original","0","0","pass","high"
"lucerne","Original FSO 2020 outbound total","19182","19182","pass","high"
"lucerne","Every mapped FSO outbound pair matches original","0","0","pass","high"
"lucerne","Population follows the routed departure and arrival model","0","0","pass","high"
"lucerne","No nonlocal active journeys affect the chart","0","0","pass","high"
"st-gallen","Unique corridor keys","0","0","pass","high"
"st-gallen","Valid corridor values","0","0","pass","high"
"st-gallen","Corridor count agrees with summary","1208","1208","pass","high"
"st-gallen","car cache references current corridors","0","0","pass","medium"
"st-gallen","rail cache references current corridors","0","0","pass","medium"
"st-gallen","active cache references current corridors","0","0","pass","medium"
"st-gallen","Route geometry and travel times","0","0","pass","high"
"st-gallen","Route endpoint snap within review threshold","0","0","pass","medium"
"st-gallen","Rail edge and station integrity","0","0","pass","high"
"st-gallen","Car coverage inbound at least 95% of mapped estimates","95.10954170938224","95","pass","high"
"st-gallen","Car coverage outbound at least 95% of mapped estimates","95.21607168665992","95","pass","high"
"st-gallen","Mode filters add to all-mode population within rounding","1","2","pass","high"
"st-gallen","No modes gives zero population change","0","0","pass","high"
"st-gallen","foreignInbound rows conserve mapped summary","1668","1668","pass","high"
"st-gallen","foreignInbound population scope matches summary","1668","1668","pass","high"
"st-gallen","swissInbound rows conserve mapped summary","45851","45851","pass","high"
"st-gallen","swissInbound population scope matches summary","46841","46841","pass","high"
"st-gallen","swissOutbound rows conserve mapped summary","12551","12551","pass","high"
"st-gallen","swissOutbound population scope matches summary","12938","12938","pass","high"
"st-gallen","Original resident mode counts are available","true","true","pass","high"
"st-gallen","FSO 2023 car share copied accurately","0.3903067197377663","0.3903067197377663","pass","high"
"st-gallen","FSO 2023 transit share copied accurately","0.39083352844767033","0.39083352844767033","pass","high"
"st-gallen","FSO 2023 soft share copied accurately","0.21885975181456332","0.21885975181456332","pass","high"
"st-gallen","Original border-worker total is available","true","true","pass","high"
"st-gallen","FSO Q4 2025 border-worker total rounded correctly","1668","1668","pass","high"
"st-gallen","car inbound uses domestic-worker benchmark within per-pair rounding","25685","25676.56","pass","high"
"st-gallen","transit inbound uses domestic-worker benchmark within per-pair rounding","19271","19257.42","pass","high"
"st-gallen","soft inbound uses domestic-worker benchmark within per-pair rounding","895","917.02","pass","high"
"st-gallen","Original FSO 2020 inbound total","46841","46841","pass","high"
"st-gallen","Every mapped FSO inbound pair matches original","0","0","pass","high"
"st-gallen","Original FSO 2020 outbound total","12938","12938","pass","high"
"st-gallen","Every mapped FSO outbound pair matches original","0","0","pass","high"
"st-gallen","Population follows the routed departure and arrival model","0","0","pass","high"
"st-gallen","No nonlocal active journeys affect the chart","0","0","pass","high"
"lugano","Unique corridor keys","0","0","pass","high"
"lugano","Valid corridor values","0","0","pass","high"
"lugano","Corridor count agrees with summary","588","588","pass","high"
"lugano","car cache references current corridors","0","0","pass","medium"
"lugano","rail cache references current corridors","0","0","pass","medium"
"lugano","active cache references current corridors","0","0","pass","medium"
"lugano","Route geometry and travel times","0","0","pass","high"
"lugano","Route endpoint snap within review threshold","0","0","pass","medium"
"lugano","Rail edge and station integrity","0","0","pass","high"
"lugano","Car coverage inbound at least 95% of mapped estimates","95.03868912152936","95","pass","high"
"lugano","Car coverage outbound at least 95% of mapped estimates","95.14854183701281","95","pass","high"
"lugano","Mode filters add to all-mode population within rounding","1","2","pass","high"
"lugano","No modes gives zero population change","0","0","pass","high"
"lugano","foreignInbound rows conserve mapped summary","15663","15663","pass","high"
"lugano","foreignInbound population scope matches summary","15663","15663","pass","high"
"lugano","swissInbound rows conserve mapped summary","18165","18165","pass","high"
"lugano","swissInbound population scope matches summary","18248","18248","pass","high"
"lugano","swissOutbound rows conserve mapped summary","7131","7131","pass","high"
"lugano","swissOutbound population scope matches summary","7197","7197","pass","high"
"lugano","Original resident mode counts are available","true","true","pass","high"
"lugano","FSO 2023 car share copied accurately","0.5146548131684956","0.5146548131684956","pass","high"
"lugano","FSO 2023 transit share copied accurately","0.2521183497708015","0.2521183497708015","pass","high"
"lugano","FSO 2023 soft share copied accurately","0.23322683706070288","0.23322683706070288","pass","high"
"lugano","Original border-worker total is available","true","true","pass","high"
"lugano","FSO Q4 2025 border-worker total rounded correctly","15663","15663","pass","high"
"lugano","Original FSO 2020 inbound total","18248","18248","pass","high"
"lugano","Every mapped FSO inbound pair matches original","0","0","pass","high"
"lugano","Original FSO 2020 outbound total","7197","7197","pass","high"
"lugano","Every mapped FSO outbound pair matches original","0","0","pass","high"
"lugano","Population follows the routed departure and arrival model","0","0","pass","high"
"lugano","No nonlocal active journeys affect the chart","0","0","pass","high"
"biel-bienne","Unique corridor keys","0","0","pass","high"
"biel-bienne","Valid corridor values","0","0","pass","high"
"biel-bienne","Corridor count agrees with summary","1385","1385","pass","high"
"biel-bienne","car cache references current corridors","0","0","pass","medium"
"biel-bienne","rail cache references current corridors","0","0","pass","medium"
"biel-bienne","active cache references current corridors","0","0","pass","medium"
"biel-bienne","Route geometry and travel times","0","0","pass","high"
"biel-bienne","Route endpoint snap within review threshold","0","0","pass","medium"
"biel-bienne","Rail edge and station integrity","0","0","pass","high"
"biel-bienne","Car coverage inbound at least 95% of mapped estimates","95.22524199553239","95","pass","high"
"biel-bienne","Car coverage outbound at least 95% of mapped estimates","95.15076157911098","95","pass","high"
"biel-bienne","Mode filters add to all-mode population within rounding","1","2","pass","high"
"biel-bienne","No modes gives zero population change","0","0","pass","high"
"biel-bienne","foreignInbound rows conserve mapped summary","558","558","pass","high"
"biel-bienne","foreignInbound population scope matches summary","558","558","pass","high"
"biel-bienne","swissInbound rows conserve mapped summary","20955","20955","pass","high"
"biel-bienne","swissInbound population scope matches summary","22117","22117","pass","high"
"biel-bienne","swissOutbound rows conserve mapped summary","9737","9737","pass","high"
"biel-bienne","swissOutbound population scope matches summary","10854","10854","pass","high"
"biel-bienne","Original resident mode counts are available","true","true","pass","high"
"biel-bienne","FSO 2023 car share copied accurately","0.32612915749967647","0.32612915749967647","pass","high"
"biel-bienne","FSO 2023 transit share copied accurately","0.41370087571718217","0.41370087571718217","pass","high"
"biel-bienne","FSO 2023 soft share copied accurately","0.26016996678314136","0.26016996678314136","pass","high"
"biel-bienne","Original border-worker total is available","true","true","pass","high"
"biel-bienne","FSO Q4 2025 border-worker total rounded correctly","558","558","pass","high"
"biel-bienne","Original FSO 2020 inbound total","22117","22117","pass","high"
"biel-bienne","Every mapped FSO inbound pair matches original","0","0","pass","high"
"biel-bienne","Original FSO 2020 outbound total","10854","10854","pass","high"
"biel-bienne","Every mapped FSO outbound pair matches original","0","0","pass","high"
"biel-bienne","Population follows the routed departure and arrival model","0","0","pass","high"
"biel-bienne","No nonlocal active journeys affect the chart","0","0","pass","high"
"schaffhausen","Unique corridor keys","0","0","pass","high"
"schaffhausen","Valid corridor values","0","0","pass","high"
"schaffhausen","Corridor count agrees with summary","672","672","pass","high"
"schaffhausen","car cache references current corridors","0","0","pass","medium"
"schaffhausen","rail cache references current corridors","0","0","pass","medium"
"schaffhausen","active cache references current corridors","0","0","pass","medium"
"schaffhausen","Route geometry and travel times","0","0","pass","high"
"schaffhausen","Route endpoint snap within review threshold","0","0","pass","medium"
"schaffhausen","Rail edge and station integrity","0","0","pass","high"
"schaffhausen","Car coverage inbound at least 95% of mapped estimates","95.02640845070422","95","pass","high"
"schaffhausen","Car coverage outbound at least 95% of mapped estimates","95.11278195488721","95","pass","high"
"schaffhausen","Mode filters add to all-mode population within rounding","1","2","pass","high"
"schaffhausen","No modes gives zero population change","0","0","pass","high"
"schaffhausen","foreignInbound rows conserve mapped summary","3218","3218","pass","high"
"schaffhausen","foreignInbound population scope matches summary","3218","3218","pass","high"
"schaffhausen","swissInbound rows conserve mapped summary","10731","10731","pass","high"
"schaffhausen","swissInbound population scope matches summary","12322","12322","pass","high"
"schaffhausen","swissOutbound rows conserve mapped summary","5563","5563","pass","high"
"schaffhausen","swissOutbound population scope matches summary","7764","7764","pass","high"
"schaffhausen","Original resident mode counts are available","true","true","pass","high"
"schaffhausen","FSO 2023 car share copied accurately","0.42188879082082964","0.42188879082082964","pass","high"
"schaffhausen","FSO 2023 transit share copied accurately","0.38563863321144876","0.38563863321144876","pass","high"
"schaffhausen","FSO 2023 soft share copied accurately","0.1924725759677216","0.1924725759677216","pass","high"
"schaffhausen","Original border-worker total is available","true","true","pass","high"
"schaffhausen","FSO Q4 2025 border-worker total rounded correctly","3218","3218","pass","high"
"schaffhausen","Original FSO 2020 inbound total","12322","12322","pass","high"
"schaffhausen","Every mapped FSO inbound pair matches original","0","0","pass","high"
"schaffhausen","Original FSO 2020 outbound total","7764","7764","pass","high"
"schaffhausen","Every mapped FSO outbound pair matches original","0","0","pass","high"
"schaffhausen","Population follows the routed departure and arrival model","0","0","pass","high"
"schaffhausen","No nonlocal active journeys affect the chart","0","0","pass","high"
"la-chaux-de-fonds","Unique corridor keys","0","0","pass","high"
"la-chaux-de-fonds","Valid corridor values","0","0","pass","high"
"la-chaux-de-fonds","Corridor count agrees with summary","453","453","pass","high"
"la-chaux-de-fonds","car cache references current corridors","0","0","pass","medium"
"la-chaux-de-fonds","rail cache references current corridors","0","0","pass","medium"
"la-chaux-de-fonds","active cache references current corridors","0","0","pass","medium"
"la-chaux-de-fonds","Route geometry and travel times","0","0","pass","high"
"la-chaux-de-fonds","Route endpoint snap within review threshold","0","0","pass","medium"
"la-chaux-de-fonds","Rail edge and station integrity","0","0","pass","high"
"la-chaux-de-fonds","Car coverage inbound at least 95% of mapped estimates","95.35650089874176","95","pass","high"
"la-chaux-de-fonds","Car coverage outbound at least 95% of mapped estimates","95.44025157232704","95","pass","high"
"la-chaux-de-fonds","Mode filters add to all-mode population within rounding","1","2","pass","high"
"la-chaux-de-fonds","No modes gives zero population change","0","0","pass","high"
"la-chaux-de-fonds","foreignInbound rows conserve mapped summary","5580","5580","pass","high"
"la-chaux-de-fonds","foreignInbound population scope matches summary","5580","5580","pass","high"
"la-chaux-de-fonds","swissInbound rows conserve mapped summary","7012","7012","pass","high"
"la-chaux-de-fonds","swissInbound population scope matches summary","7469","7469","pass","high"
"la-chaux-de-fonds","swissOutbound rows conserve mapped summary","4658","4658","pass","high"
"la-chaux-de-fonds","swissOutbound population scope matches summary","5158","5158","pass","high"
"la-chaux-de-fonds","Original resident mode counts are available","true","true","pass","high"
"la-chaux-de-fonds","FSO 2023 car share copied accurately","0.5491003982969372","0.5491003982969372","pass","high"
"la-chaux-de-fonds","FSO 2023 transit share copied accurately","0.2673396511468205","0.2673396511468205","pass","high"
"la-chaux-de-fonds","FSO 2023 soft share copied accurately","0.18355995055624227","0.18355995055624227","pass","high"
"la-chaux-de-fonds","Original border-worker total is available","true","true","pass","high"
"la-chaux-de-fonds","FSO Q4 2025 border-worker total rounded correctly","5580","5580","pass","high"
"la-chaux-de-fonds","Original FSO 2020 inbound total","7469","7469","pass","high"
"la-chaux-de-fonds","Every mapped FSO inbound pair matches original","0","0","pass","high"
"la-chaux-de-fonds","Original FSO 2020 outbound total","5158","5158","pass","high"
"la-chaux-de-fonds","Every mapped FSO outbound pair matches original","0","0","pass","high"
"la-chaux-de-fonds","Population follows the routed departure and arrival model","0","0","pass","high"
"la-chaux-de-fonds","No nonlocal active journeys affect the chart","0","0","pass","high"
"chiasso","Unique corridor keys","0","0","pass","high"
"chiasso","Valid corridor values","0","0","pass","high"
"chiasso","Corridor count agrees with summary","261","261","pass","high"
"chiasso","car cache references current corridors","0","0","pass","medium"
"chiasso","rail cache references current corridors","0","0","pass","medium"
"chiasso","active cache references current corridors","0","0","pass","medium"
"chiasso","Route geometry and travel times","0","0","pass","high"
"chiasso","Route endpoint snap within review threshold","0","0","pass","medium"
"chiasso","Rail edge and station integrity","0","0","pass","high"
"chiasso","Car coverage inbound at least 95% of mapped estimates","95.35951045385008","95","pass","high"
"chiasso","Car coverage outbound at least 95% of mapped estimates","95.32710280373831","95","pass","high"
"chiasso","Mode filters add to all-mode population within rounding","1","2","pass","high"
"chiasso","No modes gives zero population change","0","0","pass","high"
"chiasso","foreignInbound rows conserve mapped summary","5590","5590","pass","high"
"chiasso","foreignInbound population scope matches summary","5590","5590","pass","high"
"chiasso","swissInbound rows conserve mapped summary","2600","2600","pass","high"
"chiasso","swissInbound population scope matches summary","2890","2890","pass","high"
"chiasso","swissOutbound rows conserve mapped summary","939","939","pass","high"
"chiasso","swissOutbound population scope matches summary","1333","1333","pass","high"
"chiasso","Original resident mode counts are available","true","true","pass","high"
"chiasso","FSO 2023 car share copied accurately","0.4536489151873767","0.4536489151873767","pass","high"
"chiasso","FSO 2023 transit share copied accurately","0.29289940828402367","0.29289940828402367","pass","high"
"chiasso","FSO 2023 soft share copied accurately","0.2534516765285996","0.2534516765285996","pass","high"
"chiasso","Original border-worker total is available","true","true","pass","high"
"chiasso","FSO Q4 2025 border-worker total rounded correctly","5590","5590","pass","high"
"chiasso","Original FSO 2020 inbound total","2890","2890","pass","high"
"chiasso","Every mapped FSO inbound pair matches original","0","0","pass","high"
"chiasso","Original FSO 2020 outbound total","1333","1333","pass","high"
"chiasso","Every mapped FSO outbound pair matches original","0","0","pass","high"
"chiasso","Population follows the routed departure and arrival model","0","0","pass","high"
"chiasso","No nonlocal active journeys affect the chart","0","0","pass","high"
"mendrisio","Unique corridor keys","0","0","pass","high"
"mendrisio","Valid corridor values","0","0","pass","high"
"mendrisio","Corridor count agrees with summary","339","339","pass","high"
"mendrisio","car cache references current corridors","0","0","pass","medium"
"mendrisio","rail cache references current corridors","0","0","pass","medium"
"mendrisio","active cache references current corridors","0","0","pass","medium"
"mendrisio","Route geometry and travel times","0","0","pass","high"
"mendrisio","Route endpoint snap within review threshold","0","0","pass","medium"
"mendrisio","Rail edge and station integrity","0","0","pass","high"
"mendrisio","Car coverage inbound at least 95% of mapped estimates","95.3952139231327","95","pass","high"
"mendrisio","Car coverage outbound at least 95% of mapped estimates","95.27078565980167","95","pass","high"
"mendrisio","Mode filters add to all-mode population within rounding","1","2","pass","high"
"mendrisio","No modes gives zero population change","0","0","pass","high"
"mendrisio","foreignInbound rows conserve mapped summary","11104","11104","pass","high"
"mendrisio","foreignInbound population scope matches summary","11104","11104","pass","high"
"mendrisio","swissInbound rows conserve mapped summary","2981","2981","pass","high"
"mendrisio","swissInbound population scope matches summary","3382","3382","pass","high"
"mendrisio","swissOutbound rows conserve mapped summary","2160","2160","pass","high"
"mendrisio","swissOutbound population scope matches summary","3299","3299","pass","high"
"mendrisio","Original resident mode counts are available","true","true","pass","high"
"mendrisio","FSO 2023 car share copied accurately","0.6073119909073689","0.6073119909073689","pass","high"
"mendrisio","FSO 2023 transit share copied accurately","0.20969880659215762","0.20969880659215762","pass","high"
"mendrisio","FSO 2023 soft share copied accurately","0.18298920250047357","0.18298920250047357","pass","high"
"mendrisio","Original border-worker total is available","true","true","pass","high"
"mendrisio","FSO Q4 2025 border-worker total rounded correctly","11104","11104","pass","high"
"mendrisio","Original FSO 2020 inbound total","3382","3382","pass","high"
"mendrisio","Every mapped FSO inbound pair matches original","0","0","pass","high"
"mendrisio","Original FSO 2020 outbound total","3299","3299","pass","high"
"mendrisio","Every mapped FSO outbound pair matches original","0","0","pass","high"
"mendrisio","Population follows the routed departure and arrival model","0","0","pass","high"
"mendrisio","No nonlocal active journeys affect the chart","0","0","pass","high"
"zug","Unique corridor keys","0","0","pass","high"
"zug","Valid corridor values","0","0","pass","high"
"zug","Corridor count agrees with summary","1399","1399","pass","high"
"zug","car cache references current corridors","0","0","pass","medium"
"zug","rail cache references current corridors","0","0","pass","medium"
"zug","active cache references current corridors","0","0","pass","medium"
"zug","Route geometry and travel times","0","0","pass","high"
"zug","Route endpoint snap within review threshold","0","0","pass","medium"
"zug","Rail edge and station integrity","0","0","pass","high"
"zug","Car coverage inbound at least 95% of mapped estimates","95.25550283892044","95","pass","high"
"zug","Car coverage outbound at least 95% of mapped estimates","95.12281950872196","95","pass","high"
"zug","Mode filters add to all-mode population within rounding","1","2","pass","high"
"zug","No modes gives zero population change","0","0","pass","high"
"zug","foreignInbound rows conserve mapped summary","611","611","pass","high"
"zug","foreignInbound population scope matches summary","611","611","pass","high"
"zug","swissInbound rows conserve mapped summary","26556","26556","pass","high"
"zug","swissInbound population scope matches summary","27682","27682","pass","high"
"zug","swissOutbound rows conserve mapped summary","8402","8402","pass","high"
"zug","swissOutbound population scope matches summary","8863","8863","pass","high"
"zug","Original resident mode counts are available","true","true","pass","high"
"zug","FSO 2023 car share copied accurately","0.34476205558634887","0.34476205558634887","pass","high"
"zug","FSO 2023 transit share copied accurately","0.3754058120199541","0.3754058120199541","pass","high"
"zug","FSO 2023 soft share copied accurately","0.27983213239369703","0.27983213239369703","pass","high"
"zug","Original border-worker total is available","true","true","pass","high"
"zug","FSO Q4 2025 border-worker total rounded correctly","611","611","pass","high"
"zug","Original FSO 2020 inbound total","27682","27682","pass","high"
"zug","Every mapped FSO inbound pair matches original","0","0","pass","high"
"zug","Original FSO 2020 outbound total","8863","8863","pass","high"
"zug","Every mapped FSO outbound pair matches original","0","0","pass","high"
"zug","Population follows the routed departure and arrival model","0","0","pass","high"
"zug","No nonlocal active journeys affect the chart","0","0","pass","high"
"neuchatel","Unique corridor keys","0","0","pass","high"
"neuchatel","Valid corridor values","0","0","pass","high"
"neuchatel","Corridor count agrees with summary","864","864","pass","high"
"neuchatel","car cache references current corridors","0","0","pass","medium"
"neuchatel","rail cache references current corridors","0","0","pass","medium"
"neuchatel","active cache references current corridors","0","0","pass","medium"
"neuchatel","Route geometry and travel times","0","0","pass","high"
"neuchatel","Route endpoint snap within review threshold","0","0","pass","medium"
"neuchatel","Rail edge and station integrity","0","0","pass","high"
"neuchatel","Car coverage inbound at least 95% of mapped estimates","95.01657576729761","95","pass","high"
"neuchatel","Car coverage outbound at least 95% of mapped estimates","95.13677811550151","95","pass","high"
"neuchatel","Mode filters add to all-mode population within rounding","1","2","pass","high"
"neuchatel","No modes gives zero population change","0","0","pass","high"
"neuchatel","foreignInbound rows conserve mapped summary","2491","2491","pass","high"
"neuchatel","foreignInbound population scope matches summary","2491","2491","pass","high"
"neuchatel","swissInbound rows conserve mapped summary","16366","16366","pass","high"
"neuchatel","swissInbound population scope matches summary","17670","17670","pass","high"
"neuchatel","swissOutbound rows conserve mapped summary","7726","7726","pass","high"
"neuchatel","swissOutbound population scope matches summary","8716","8716","pass","high"
"neuchatel","Original resident mode counts are available","true","true","pass","high"
"neuchatel","FSO 2023 car share copied accurately","0.42864067212408447","0.42864067212408447","pass","high"
"neuchatel","FSO 2023 transit share copied accurately","0.39212623869021973","0.39212623869021973","pass","high"
"neuchatel","FSO 2023 soft share copied accurately","0.17923308918569583","0.17923308918569583","pass","high"
"neuchatel","Original border-worker total is available","true","true","pass","high"
"neuchatel","FSO Q4 2025 border-worker total rounded correctly","2491","2491","pass","high"
"neuchatel","Original FSO 2020 inbound total","17670","17670","pass","high"
"neuchatel","Every mapped FSO inbound pair matches original","0","0","pass","high"
"neuchatel","Original FSO 2020 outbound total","8716","8716","pass","high"
"neuchatel","Every mapped FSO outbound pair matches original","0","0","pass","high"
"neuchatel","Population follows the routed departure and arrival model","0","0","pass","high"
"neuchatel","No nonlocal active journeys affect the chart","0","0","pass","high"
"geneva","OCSTAT Vaud inbound summary","23398","23398","pass","high"
"geneva","OCSTAT Vaud outbound summary","6881","6881","pass","high"
"geneva","Consistent Vaud-only outbound population","6881","6881","pass","high"
"geneva","Canton scope is visible in the city title","Geneva canton","Geneva canton","pass","high"
"zurich → winterthur","Same OD all allocation on both city pages","3374","3374","pass","high"
"zurich → winterthur","Same OD car allocation on both city pages","1653","1653","pass","high"
"zurich → winterthur","Same OD transit allocation on both city pages","1552","1552","pass","high"
"zurich → winterthur","Same OD soft allocation on both city pages","169","169","pass","high"
"zurich → lucerne","Same OD all allocation on both city pages","1274","1274","pass","high"
"zurich → lucerne","Same OD car allocation on both city pages","566","566","pass","high"
"zurich → lucerne","Same OD transit allocation on both city pages","592","592","pass","high"
"zurich → lucerne","Same OD soft allocation on both city pages","116","116","pass","high"
"zurich → zug","Same OD all allocation on both city pages","2518","2518","pass","high"
"zurich → zug","Same OD car allocation on both city pages","780","780","pass","high"
"zurich → zug","Same OD transit allocation on both city pages","1637","1637","pass","high"
"zurich → zug","Same OD soft allocation on both city pages","101","101","pass","high"
"lausanne → neuchatel","Same OD all allocation on both city pages","304","304","pass","high"
"lausanne → neuchatel","Same OD car allocation on both city pages","73","73","pass","high"
"lausanne → neuchatel","Same OD transit allocation on both city pages","163","163","pass","high"
"lausanne → neuchatel","Same OD soft allocation on both city pages","68","68","pass","high"
"bern → biel-bienne","Same OD all allocation on both city pages","595","595","pass","high"
"bern → biel-bienne","Same OD car allocation on both city pages","179","179","pass","high"
"bern → biel-bienne","Same OD transit allocation on both city pages","357","357","pass","high"
"bern → biel-bienne","Same OD soft allocation on both city pages","59","59","pass","high"
"bern → la-chaux-de-fonds","Same OD all allocation on both city pages","8","8","pass","high"
"bern → la-chaux-de-fonds","Same OD car allocation on both city pages","2","2","pass","high"
"bern → la-chaux-de-fonds","Same OD transit allocation on both city pages","5","5","pass","high"
"bern → la-chaux-de-fonds","Same OD soft allocation on both city pages","1","1","pass","high"
"bern → neuchatel","Same OD all allocation on both city pages","125","125","pass","high"
"bern → neuchatel","Same OD car allocation on both city pages","38","38","pass","high"
"bern → neuchatel","Same OD transit allocation on both city pages","75","75","pass","high"
"bern → neuchatel","Same OD soft allocation on both city pages","12","12","pass","high"
"winterthur → zurich","Same OD all allocation on both city pages","11129","11129","pass","high"
"winterthur → zurich","Same OD car allocation on both city pages","3148","3148","pass","high"
"winterthur → zurich","Same OD transit allocation on both city pages","7756","7756","pass","high"
"winterthur → zurich","Same OD soft allocation on both city pages","225","225","pass","high"
"winterthur → st-gallen","Same OD all allocation on both city pages","695","695","pass","high"
"winterthur → st-gallen","Same OD car allocation on both city pages","389","389","pass","high"
"winterthur → st-gallen","Same OD transit allocation on both city pages","292","292","pass","high"
"winterthur → st-gallen","Same OD soft allocation on both city pages","14","14","pass","high"
"winterthur → schaffhausen","Same OD all allocation on both city pages","392","392","pass","high"
"winterthur → schaffhausen","Same OD car allocation on both city pages","143","143","pass","high"
"winterthur → schaffhausen","Same OD transit allocation on both city pages","241","241","pass","high"
"winterthur → schaffhausen","Same OD soft allocation on both city pages","8","8","pass","high"
"winterthur → zug","Same OD all allocation on both city pages","126","126","pass","high"
"winterthur → zug","Same OD car allocation on both city pages","46","46","pass","high"
"winterthur → zug","Same OD transit allocation on both city pages","78","78","pass","high"
"winterthur → zug","Same OD soft allocation on both city pages","2","2","pass","high"
"lucerne → zurich","Same OD all allocation on both city pages","1756","1756","pass","high"
"lucerne → zurich","Same OD car allocation on both city pages","497","497","pass","high"
"lucerne → zurich","Same OD transit allocation on both city pages","1224","1224","pass","high"
"lucerne → zurich","Same OD soft allocation on both city pages","35","35","pass","high"
"lucerne → zug","Same OD all allocation on both city pages","1055","1055","pass","high"
"lucerne → zug","Same OD car allocation on both city pages","475","475","pass","high"
"lucerne → zug","Same OD transit allocation on both city pages","506","506","pass","high"
"lucerne → zug","Same OD soft allocation on both city pages","74","74","pass","high"
"st-gallen → winterthur","Same OD all allocation on both city pages","419","419","pass","high"
"st-gallen → winterthur","Same OD car allocation on both city pages","205","205","pass","high"
"st-gallen → winterthur","Same OD transit allocation on both city pages","193","193","pass","high"
"st-gallen → winterthur","Same OD soft allocation on both city pages","21","21","pass","high"
"st-gallen → zug","Same OD all allocation on both city pages","33","33","pass","high"
"st-gallen → zug","Same OD car allocation on both city pages","19","19","pass","high"
"st-gallen → zug","Same OD transit allocation on both city pages","13","13","pass","high"
"st-gallen → zug","Same OD soft allocation on both city pages","1","1","pass","high"
"biel-bienne → bern","Same OD all allocation on both city pages","1337","1337","pass","high"
"biel-bienne → bern","Same OD car allocation on both city pages","473","473","pass","high"
"biel-bienne → bern","Same OD transit allocation on both city pages","783","783","pass","high"
"biel-bienne → bern","Same OD soft allocation on both city pages","81","81","pass","high"
"biel-bienne → la-chaux-de-fonds","Same OD all allocation on both city pages","83","83","pass","high"
"biel-bienne → la-chaux-de-fonds","Same OD car allocation on both city pages","27","27","pass","high"
"biel-bienne → la-chaux-de-fonds","Same OD transit allocation on both city pages","34","34","pass","high"
"biel-bienne → la-chaux-de-fonds","Same OD soft allocation on both city pages","22","22","pass","high"
"biel-bienne → neuchatel","Same OD all allocation on both city pages","469","469","pass","high"
"biel-bienne → neuchatel","Same OD car allocation on both city pages","153","153","pass","high"
"biel-bienne → neuchatel","Same OD transit allocation on both city pages","194","194","pass","high"
"biel-bienne → neuchatel","Same OD soft allocation on both city pages","122","122","pass","high"
"schaffhausen → winterthur","Same OD all allocation on both city pages","763","763","pass","high"
"schaffhausen → winterthur","Same OD car allocation on both city pages","374","374","pass","high"
"schaffhausen → winterthur","Same OD transit allocation on both city pages","351","351","pass","high"
"schaffhausen → winterthur","Same OD soft allocation on both city pages","38","38","pass","high"
"la-chaux-de-fonds → bern","Same OD all allocation on both city pages","69","69","pass","high"
"la-chaux-de-fonds → bern","Same OD car allocation on both city pages","24","24","pass","high"
"la-chaux-de-fonds → bern","Same OD transit allocation on both city pages","41","41","pass","high"
"la-chaux-de-fonds → bern","Same OD soft allocation on both city pages","4","4","pass","high"
"la-chaux-de-fonds → biel-bienne","Same OD all allocation on both city pages","116","116","pass","high"
"la-chaux-de-fonds → biel-bienne","Same OD car allocation on both city pages","64","64","pass","high"
"la-chaux-de-fonds → biel-bienne","Same OD transit allocation on both city pages","31","31","pass","high"
"la-chaux-de-fonds → biel-bienne","Same OD soft allocation on both city pages","21","21","pass","high"
"la-chaux-de-fonds → neuchatel","Same OD all allocation on both city pages","1095","1095","pass","high"
"la-chaux-de-fonds → neuchatel","Same OD car allocation on both city pages","601","601","pass","high"
"la-chaux-de-fonds → neuchatel","Same OD transit allocation on both city pages","293","293","pass","high"
"la-chaux-de-fonds → neuchatel","Same OD soft allocation on both city pages","201","201","pass","high"
"chiasso → mendrisio","Same OD all allocation on both city pages","250","250","pass","high"
"chiasso → mendrisio","Same OD car allocation on both city pages","114","114","pass","high"
"chiasso → mendrisio","Same OD transit allocation on both city pages","73","73","pass","high"
"chiasso → mendrisio","Same OD soft allocation on both city pages","63","63","pass","high"
"mendrisio → chiasso","Same OD all allocation on both city pages","471","471","pass","high"
"mendrisio → chiasso","Same OD car allocation on both city pages","286","286","pass","high"
"mendrisio → chiasso","Same OD transit allocation on both city pages","99","99","pass","high"
"mendrisio → chiasso","Same OD soft allocation on both city pages","86","86","pass","high"
"zug → zurich","Same OD all allocation on both city pages","2060","2060","pass","high"
"zug → zurich","Same OD car allocation on both city pages","583","583","pass","high"
"zug → zurich","Same OD transit allocation on both city pages","1436","1436","pass","high"
"zug → zurich","Same OD soft allocation on both city pages","41","41","pass","high"
"zug → winterthur","Same OD all allocation on both city pages","23","23","pass","high"
"zug → winterthur","Same OD car allocation on both city pages","11","11","pass","high"
"zug → winterthur","Same OD transit allocation on both city pages","11","11","pass","high"
"zug → winterthur","Same OD soft allocation on both city pages","1","1","pass","high"
"zug → lucerne","Same OD all allocation on both city pages","349","349","pass","high"
"zug → lucerne","Same OD car allocation on both city pages","155","155","pass","high"
"zug → lucerne","Same OD transit allocation on both city pages","162","162","pass","high"
"zug → lucerne","Same OD soft allocation on both city pages","32","32","pass","high"
"zug → st-gallen","Same OD all allocation on both city pages","23","23","pass","high"
"zug → st-gallen","Same OD car allocation on both city pages","13","13","pass","high"
"zug → st-gallen","Same OD transit allocation on both city pages","10","10","pass","high"
"zug → st-gallen","Same OD soft allocation on both city pages","0","0","pass","high"
"neuchatel → lausanne","Same OD all allocation on both city pages","381","381","pass","high"
"neuchatel → lausanne","Same OD car allocation on both city pages","163","163","pass","high"
"neuchatel → lausanne","Same OD transit allocation on both city pages","150","150","pass","high"
"neuchatel → lausanne","Same OD soft allocation on both city pages","68","68","pass","high"
"neuchatel → bern","Same OD all allocation on both city pages","237","237","pass","high"
"neuchatel → bern","Same OD car allocation on both city pages","84","84","pass","high"
"neuchatel → bern","Same OD transit allocation on both city pages","139","139","pass","high"
"neuchatel → bern","Same OD soft allocation on both city pages","14","14","pass","high"
"neuchatel → biel-bienne","Same OD all allocation on both city pages","502","502","pass","high"
"neuchatel → biel-bienne","Same OD car allocation on both city pages","215","215","pass","high"
"neuchatel → biel-bienne","Same OD transit allocation on both city pages","197","197","pass","high"
"neuchatel → biel-bienne","Same OD soft allocation on both city pages","90","90","pass","high"
"neuchatel → la-chaux-de-fonds","Same OD all allocation on both city pages","984","984","pass","high"
"neuchatel → la-chaux-de-fonds","Same OD car allocation on both city pages","422","422","pass","high"
"neuchatel → la-chaux-de-fonds","Same OD transit allocation on both city pages","386","386","pass","high"
"neuchatel → la-chaux-de-fonds","Same OD soft allocation on both city pages","176","176","pass","high"
"all","Motorcycle category is disclosed","Car / motorcycle","Car / motorcycle","pass","high"
"geneva","INSEE French origin-mode totals reproduce after rounding","0","0","pass","high"
"geneva","INSEE positive rounded origin-mode rows are complete","0","0","pass","high"
"geneva","INSEE no-journey category is explicitly excluded","157.64459489058729","157.64459489058729","pass","high"
"geneva","French workplace communes are retained","45","45","pass","high"
